{"cameraMode":{"drawMode":0,"name":"Shaded","section":"Shading Mode"},"sceneLighting":true,"audioPlay":false,"sceneViewState":{"showFog":true,"showMaterialUpdate":false,"showSkybox":true,"showFlares":true,"showImageEffects":true,"showParticleSystems":true},"in2DMode":false,"pivot":{"x":49.04334259033203,"y":1.2737889289855958,"z":50.083248138427737},"rotation":{"x":0.14086125791072846,"y":0.8286301493644714,"z":-0.24035051465034486,"w":0.48563632369041445},"size":50.27385330200195,"orthographic":false}