{"cameraMode":{"drawMode":0,"name":"Shaded","section":"Shading Mode"},"sceneLighting":true,"audioPlay":false,"sceneViewState":{"showFog":true,"showMaterialUpdate":false,"showSkybox":true,"showFlares":true,"showImageEffects":true,"showParticleSystems":true},"in2DMode":false,"pivot":{"x":49.253910064697269,"y":0.6896585822105408,"z":49.47911071777344},"rotation":{"x":-0.14791981875896455,"y":-0.3569582402706146,"z":0.05732617527246475,"w":-0.920573890209198},"size":1.098076581954956,"orthographic":false}