{"cameraMode":{"drawMode":0,"name":"Shaded","section":"Shading Mode"},"sceneLighting":true,"audioPlay":false,"sceneViewState":{"showFog":true,"showMaterialUpdate":false,"showSkybox":true,"showFlares":true,"showImageEffects":true,"showParticleSystems":true},"in2DMode":false,"pivot":{"x":49.43842315673828,"y":0.88783860206604,"z":51.91089630126953},"rotation":{"x":0.012335406616330147,"y":0.3570212125778198,"z":0.004672650247812271,"w":-0.9340378046035767},"size":1.102914571762085,"orthographic":false}