{"cameraMode":{"drawMode":0,"name":"Shaded","section":"Shading Mode"},"sceneLighting":true,"audioPlay":false,"sceneViewState":{"showFog":true,"showMaterialUpdate":false,"showSkybox":true,"showFlares":true,"showImageEffects":true,"showParticleSystems":true},"in2DMode":false,"pivot":{"x":48.394493103027347,"y":0.8607244491577148,"z":51.76622772216797},"rotation":{"x":-0.1738034188747406,"y":-0.31937718391418459,"z":0.05967762693762779,"w":-0.9296653270721436},"size":1.7029145956039429,"orthographic":false}